Aaron,Albury
Aaron,Albus
Abbey,Alby
Abbie,Alcaide
Abby,Alcala
Abdul,Alcalde
Abe,Alcantar
Abel,Alcantara
Abigail,Alcantas
Abraham,Alcaoa
Abram,Alcaraz
Ada,Alcazar
Adah,Alce
Adalberto,Alcide
Adaline,Alcina
Adam,Alcine
Adam,Alcini
Adan,Alcivar
Addie,Alcocer
Adela,Alcock
Adelaida,Alcombright
Adelaide,Alcon
Adele,Alconcel
Adelia,Alcorn
Adelina,Alcorta
Adeline,Alcoser
Adell,Alcosiba
Adella,Alcott
Adelle,Aldaba
Adena,Aldaco
Adina,Aldama
Adolfo,Aldana
Adolph,Aldapa
Adria,Aldape
Adrian,Aldarondo
Adrian,Aldas
Adriana,Aldava
Adriane,Alday
Adrianna,Aldaz
Adrianne,Aldecoa
Adrien,Alden
Adriene,Alder
Adrienne,Alderete
Afton,Alderfer
Agatha,Alderink
Agnes,Alderman
Agnus,Alderson
Agripina,Alderton
Agueda,Aldi
Agustin,Aldinger
Agustina,Aldo
Ahmad,Aldonza
Ahmed,Aldous
Ai,Aldred
Aida,Aldredge
Aide,Aldrege
Aiko,Aldrete
Aileen,Aldrich
Ailene,Aldridge
Aimee,Aldrige
Aisha,Aldrow
Aja,Aldworth
Akiko,Alea
Akilah,Alecca
Al,Aleem
Alaina,Aleff
Alaine,Alegar
Alan,Alegi
Alana,Alegre
Alane,Alegria
Alanna,Aleizar
Alayna,Alejandre
Alba,Alejandrez
Albert,Alejandro
Albert,Alejo
Alberta,Alejos
Albertha,Alekna
Albertina,Aleksey
Albertine,Aleman
Alberto,Alemany
Albina,Alen
Alda,Aleo
Alden,Alepin
Aldo,Alequin
Alease,Aler
Alec,Alers
Alecia,Alert
Aleen,Alerte
Aleida,Ales
Aleisha,Alesci
Alejandra,Alescio
Alejandrina,Aleshire
Alejandro,Alesi
Alena,Alesna
Alene,Alessandrini
Alesha,Alessandro
Aleshia,Alessandroni
Alesia,Alesse
Alessandra,Alessi
Aleta,Alessio
Aletha,Alevedo
Alethea,Alevras
Alethia,Alewine
Alex,Alex
Alex,Alexader
Alexa,Alexaki
Alexander,Alexakis
Alexander,Alexander
Alexandra,Alexanders
Alexandria,Alexandra
Alexia,Alexandre
Alexis,Alexandria
Alexis,Alexandropoul
Alfonso,Alexanian
Alfonzo,Alexender
Alfred,Alexidor
Alfreda,Alexion
Alfredia,Alexiou
Alfredo,Alexis
Ali,Alexnder
Ali,Alexopoulos
Alia,Alexy
Alica,Alexzander
Alice,Aley
Alicia,Aleyandrez
Alida,Alf
Alina,Alfandre
Aline,Alfano
Alisa,Alfaro
Alise,Alfera
Alisha,Alferez
Alishia,Alfero
Alisia,Alff
Alison,Alfieri
Alissa,Alfiero
Alita,Alfisi
Alix,Alfonsi
Aliza,Alfonso
Alla,Alfonzo
Allan,Alford
Alleen,Alfred
Allegra,Alfredo
Allen,Alfreds
Allen,Alfrey
Allena,Alfson
Allene,Algarin
Allie,Alge
Alline,Algee
Allison,Algeo
Allyn,Alger
Allyson,Alghamdi
Alma,Algien
Almeda,Algier
Almeta,Algire
Alona,Algood
Alonso,Alguire
Alonzo,Alhaddad
Alpha,Alhambra
Alphonse,Alhameed
Alphonso,Alhusseini
Alta,Ali
Altagracia,Aliaga
Altha,Aliano
Althea,Alias
Alton,Aliberti
Alva,Alibozek
Alva,Alicandro
Alvaro,Alice
Alvera,Alicea
Alverta,Alicer
Alvin,Alicia
Alvina,Alicuben
Alyce,Alie
Alycia,Alier
Alysa,Aliff
Alyse,Alig
Alysha,Alim
Alysia,Aliment
Alyson,Alimento
Alyssa,Alimo
Amada,Aline
Amado,Alioto
Amal,Aliotta
Amalia,Alipio
Amanda,Alire
Amber,Alires
Amberly,Alirez
Ambrose,Alisauskas
Amee,Alison
Amelia,Alix
America,Alizadeh
Ami,Aljemal
Amie,Alkana
Amiee,Alkbsh
Amina,Alkema
Amira,Alken
Ammie,Alkins
Amos,Alkire
Amparo,All
Amy,Allaband
An,Allabaugh
Ana,Allah
Anabel,Allain
Analisa,Allaire
Anamaria,Allam
Anastacia,Allaman
Anastasia,Allamon
Andera,Allamong
Anderson,Allan
Andra,Allanson
Andre,Allara
Andre,Allard
Andrea,Allateef
Andrea,Allaway
Andreas,Allbee
Andree,Allbert
Andres,Allbones
Andrew,Allbright
Andrew,Allbritten
Andria,Allbritton
Andy,Allcock
Anette,Allcorn
Angel,Allday
Angel,Allder
Angela,Alldredge
Angele,Allebach
Angelena,Allee
Angeles,Allegood
Angelia,Allegra
Angelic,Allegre
Angelica,Allegretta
Angelika,Allegretti
Angelina,Allegrini
Angeline,Allegrucci
Angelique,Alleman
Angelita,Allemand
Angella,Allemond
Angelo,Allen
Angelo,Allenbach
Angelyn,Allenbaugh
Angie,Allenbrand
Angila,Allende
Angla,Allender
Angle,Allendorf
Anglea,Allenson
Anh,Allensworth
Anibal,Aller
Anika,Allerman
Anisa,Allers
Anisha,Allerton
Anissa,Alleruzzo
Anita,Allery
Anitra,Alles
Anja,Alleshouse
Anjanette,Allessi
Anjelica,Allessio
Ann,Alleva
Anna,Allevato
Annabel,Allex
Annabell,Alley
Annabelle,Alleyne
Annalee,Allford
Annalisa,Allgaeuer
Annamae,Allgaier
Annamaria,Allgeier
Annamarie,Allgeyer
Anne,Allgier
Anneliese,Allgire
Annelle,Allgood
Annemarie,Allhands
Annett,Alli
Annetta,Alliance
Annette,Allie
Annice,Alligood
Annie,Alliman
Annika,Allin
Annis,Allinder
Annita,Alling
Annmarie,Allinger
Anthony,Allington
Anthony,Allio
Antione,Allis
Antionette,Allison
Antoine,Alliston
Antoinette,Allman
Anton,Allmand
Antone,Allmon
Antonetta,Allmond
Antonette,Allnutt
Antonia,Allocca
Antonia,Allocco
Antonietta,Allon
Antonina,Allor
Antonio,Alloway
Antonio,Allphin
Antony,Allred
Antwan,Allridge
Anya,Alls
Apolonia,Allsbrook
April,Allsbrooks
Apryl,Allscheid
Ara,Allshouse
Araceli,Allsop
Aracelis,Allston
Aracely,Allstott
Arcelia,Allsup
Archie,Allton
Ardath,Alltop
Ardelia,Allum
Ardell,Allums
Ardella,Allvin
Ardelle,Allwardt
Arden,Allwood
Ardis,Ally
Ardith,Allyn
Aretha,Allyne
Argelia,Alm
Argentina,Alma
Ariana,Almada
Ariane,Almaguer
Arianna,Almajhoub
Arianne,Alman
Arica,Almand
Arie,Almanza
Ariel,Almanzar
Ariel,Almaras
Arielle,Almaraz
Arla,Almarez
Arlean,Almario
Arleen,Almarza
Arlen,Almas
Arlena,Almasi
Arlene,Almazan
Arletha,Alme
Arletta,Almeda
Arlette,Almeida
Arlie,Almen
Arlinda,Almenar
Arline,Almendarez
Arlyne,Almengor
Armand,Almerico
Armanda,Almestica
Armandina,Almeter
Armando,Almeyda
Armida,Almgren
Arminda,Almiron
Arnetta,Almodova
Arnette,Almodovar
Arnita,Almon
Arnold,Almond
Arnoldo,Almonte
Arnulfo,Almos
Aron,Almquist
Arron,Almstead
Art,Almsteadt
Arthur,Almy
Arthur,Alnas
Artie,Alnoor
Arturo,Alnutt
Arvilla,Alo
Asa,Aloan
Asha,Aloe
Ashanti,Aloi
Ashely,Aloia
Ashlea,Aloisi
Ashlee,Alonge
Ashleigh,Alongi
Ashley,Alonso
Ashley,Alonza
Ashli,Alonzo
Ashlie,Alosa
Ashly,Alosta
Ashlyn,Alouf
Ashton,Aloy
Asia,Alpaugh
Asley,Alper
Assunta,Alperin
Astrid,Alpern
Asuncion,Alpers
Athena,Alpert
Aubrey,Alpha
Aubrey,Alpheaus
Audie,Alphin
Audra,Alphonse
Audrea,Alphonso
Audrey,Alpis
Audria,Alpizar
Audrie,Alquesta
Audry,Alquicira
August,Alquijay
Augusta,Alquisira
Augustina,Alrais
Augustine,Alred
Augustine,Alrich
Augustus,Alrod
Aundrea,Alsandor
Aura,Alsaqri
Aurea,Alsberry
Aurelia,Alsbrook
Aurelio,Alsbrooks
Aurora,Alsbury
Aurore,Alsdon
Austin,Alsheimer
Austin,Alshouse
Autumn,Alsina
Ava,Alsing
Avelina,Alsip
Avery,Alsman
Avery,Alsobrook
Avis,Alsobrooks
Avril,Alson
Awilda,Alsop
Ayako,Alspach
Ayana,Alspaugh
Ayanna,Alstad
Ayesha,Alston
Azalee,Alstott
Azucena,Alstrom
Azzie,Alsup
Babara,Alt
Babette,Altadonna
Bailey,Altamirano
Bambi,Altamiruno
Bao,Altaras
Barabara,Altavilla
Barb,Altemus
Barbar,Altenbach
Barbara,Altenburg
Barbera,Altenhofen
Barbie,Alter
Barbra,Alteri
Bari,Alterio
Barney,Alterman
Barrett,Altermatt
Barrie,Altes
Barry,Altew
Bart,Althaus
Barton,Althauser
Basil,Altheimer
Basilia,Althiser
Bea,Althoff
Beata,Althouse
Beatrice,Altic